{
    "usia": 0.24335826550614204,
    "tinggi_badan": 0.2485891963740762,
    "lila": 0.2434225904859978,
    "hb": 0.26462994763378395
}