{
    "usia": 0.2418989890379117,
    "tinggi_badan": 0.25216069589850965,
    "lingkar_lengan_atas": 0.23694309242416067,
    "kadar_hb": 0.26899722263941783,
    "berat_badan": 0.0
}