{
    "usia": 0.2410165264976696,
    "tinggi_badan": 0.2563937928429086,
    "lingkar_lengan_atas": 0.23447896043607291,
    "kadar_hb": 0.26811072022334875
}