{
    "usia": 0.23748662029494627,
    "tinggi_badan": 0.2519769741478174,
    "lingkar_lengan_atas": 0.24054942141200927,
    "kadar_hb": 0.2686231127953506,
    "berat_badan": 0.001363871349876561
}