{
    "usia": 0.23872014097512942,
    "tinggi_badan": 0.25644207225200527,
    "lingkar_lengan_atas": 0.2361784860123149,
    "kadar_hb": 0.2686593007605504
}