{
    "usia": 0.23043834214084913,
    "tinggi_badan": 0.25277317984357006,
    "lingkar_lengan_atas": 0.23935833853539748,
    "kadar_hb": 0.27743013948018336
}