{
    "usia": 0.24037790405328893,
    "tinggi_badan": 0.24614326705437076,
    "lingkar_lengan_atas": 0.23436766365653716,
    "kadar_hb": 0.2791111652358032
}