{
    "usia": 0.2398161857095463,
    "tinggi_badan": 0.2526616436821696,
    "lingkar_lengan_atas": 0.23541515106409394,
    "kadar_hb": 0.2721070195441902
}